Student_ID,Name,Age,Gender,Maths,Science,English,Attendance,City
1001,Student_001,20.0,male,66.0,53.0,98.0,71.0,Delhi
1002,Student_002,21.0,Male,86.0,38.0,97.0,68.0,hyderabad
1003,Student_003,19.0,Male,96.0,69.0,56.0,69.0,Hyderabad
1004,Student_004,21.0,Male,,98.0,60.0,76.0,Mumbai
1005,Student_005,21.0,Male,86.0,83.0,50.0,97.0,Mumbai
1006,Student_006,,F,46.0,51.0,85.0,66.0,MUMBAI
1007,Student_007,19.0,M,73.0,78.0,91.0,72.0,Mumbai
1008,Student_008,19.0,,36.0,64.0,63.0,99.0,Delhi
1009,Student_009,19.0,Male,37.0,80.0,81.0,68.0,hyderabad
1010,Student_010,21.0,M,90.0,40.0,96.0,86.0,hyderabad
1011,Student_011,20.0,M,93.0,,50.0,61.0,Hyderabad
1012,Student_012,19.0,Male,36.0,58.0,82.0,64.0,MUMBAI
1013,Student_013,22.0,M,36.0,80.0,73.0,88.0,
1014,Student_014,21.0,male,88.0,87.0,67.0,96.0,Mumbai
1015,Student_015,18.0,Female,35.0,94.0,57.0,,Hyderabad
1016,Student_016,20.0,Female,53.0,97.0,44.0,78.0,Delhi
1017,Student_017,22.0,Male,36.0,66.0,68.0,67.0,hyderabad
1018,Student_018,22.0,F,87.0,67.0,86.0,60.0,Mumbai
1019,Student_019,,Male,78.0,52.0,44.0,81.0,Hyderabad
1020,Student_020,20.0,F,66.0,59.0,53.0,76.0,MUMBAI
1021,Student_021,21.0,Female,66.0,88.0,92.0,66.0,Delhi
1022,Student_022,17.0,Male,89.0,92.0,,84.0,Delhi
1023,Student_023,20.0,female,90.0,80.0,38.0,63.0,Hyderabad
1024,Student_024,18.0,male,51.0,58.0,50.0,95.0,hyderabad
1025,Student_025,22.0,M,72.0,66.0,58.0,65.0,Hyderabad
1026,Student_026,21.0,F,58.0,81.0,36.0,90.0,Mumbai
1027,Student_027,20.0,female,45.0,57.0,66.0,78.0,Hyderabad
1028,Student_028,17.0,M,,100.0,58.0,98.0,Delhi
1029,Student_029,17.0,M,93.0,61.0,46.0,86.0,Hyderabad
1030,Student_030,19.0,Male,37.0,36.0,84.0,69.0,hyderabad
1031,Student_031,19.0,M,54.0,51.0,69.0,85.0,MUMBAI
1032,Student_032,18.0,male,93.0,67.0,67.0,78.0,Chennai
1033,Student_033,20.0,female,70.0,43.0,67.0,98.0,Hyderabad
1034,Student_034,20.0,M,53.0,77.0,95.0,62.0,hyderabad
1035,Student_035,22.0,,53.0,82.0,85.0,72.0,hyderabad
1036,Student_036,22.0,male,54.0,73.0,77.0,87.0,MUMBAI
1037,Student_037,22.0,Female,86.0,76.0,46.0,79.0,Delhi
1038,Student_038,19.0,female,67.0,60.0,99.0,87.0,hyderabad
1039,Student_039,20.0,M,74.0,84.0,67.0,67.0,hyderabad
1040,Student_040,20.0,Male,73.0,59.0,74.0,100.0,hyderabad
1041,Student_041,17.0,Female,35.0,58.0,77.0,98.0,hyderabad
1042,Student_042,19.0,Female,45.0,47.0,78.0,60.0,Mumbai
1043,Student_043,,F,91.0,94.0,63.0,62.0,Mumbai
1044,Student_044,19.0,male,84.0,41.0,47.0,72.0,Delhi
1045,Student_045,21.0,M,57.0,91.0,46.0,87.0,Hyderabad
1046,Student_046,17.0,Male,65.0,70.0,80.0,84.0,hyderabad
1047,Student_047,18.0,F,76.0,79.0,36.0,92.0,MUMBAI
1048,Student_048,20.0,male,41.0,54.0,69.0,97.0,Hyderabad
1049,Student_049,17.0,F,50.0,99.0,42.0,65.0,MUMBAI
1050,Student_050,20.0,female,94.0,42.0,60.0,,Hyderabad
1051,Student_051,22.0,male,36.0,50.0,68.0,80.0,Delhi
1052,Student_052,18.0,male,35.0,48.0,41.0,75.0,hyderabad
1053,Student_053,18.0,M,82.0,49.0,92.0,80.0,hyderabad
1054,Student_054,17.0,male,46.0,100.0,63.0,70.0,Chennai
1055,Student_055,18.0,F,71.0,66.0,70.0,96.0,MUMBAI
1056,Student_056,21.0,male,66.0,,55.0,95.0,Hyderabad
1057,Student_057,18.0,M,43.0,85.0,70.0,94.0,Hyderabad
1058,Student_058,20.0,M,53.0,59.0,44.0,78.0,Mumbai
1059,Student_059,20.0,female,82.0,92.0,58.0,79.0,Chennai
1060,Student_060,20.0,F,37.0,97.0,98.0,77.0,Mumbai
1061,Student_061,20.0,Female,54.0,96.0,83.0,100.0,Mumbai
1062,Student_062,21.0,Female,58.0,56.0,70.0,73.0,Mumbai
1063,Student_063,19.0,male,88.0,92.0,58.0,74.0,MUMBAI
1064,Student_064,22.0,female,67.0,92.0,57.0,90.0,MUMBAI
1065,Student_065,17.0,Male,58.0,83.0,96.0,60.0,Delhi
1066,Student_066,20.0,male,70.0,86.0,71.0,62.0,Delhi
1067,Student_067,18.0,female,,76.0,46.0,75.0,Mumbai
1068,Student_068,20.0,F,59.0,49.0,89.0,82.0,Chennai
1069,Student_069,18.0,F,52.0,88.0,47.0,70.0,Hyderabad
1070,Student_070,22.0,F,100.0,94.0,57.0,71.0,MUMBAI
1071,Student_071,22.0,F,88.0,42.0,64.0,69.0,Chennai
1072,Student_072,22.0,F,69.0,87.0,51.0,91.0,
1073,Student_073,18.0,female,95.0,94.0,96.0,75.0,MUMBAI
1074,Student_074,20.0,female,75.0,39.0,47.0,67.0,MUMBAI
1075,Student_075,22.0,M,67.0,40.0,93.0,97.0,Delhi
1076,Student_076,21.0,Female,67.0,81.0,53.0,71.0,Hyderabad
1077,Student_077,18.0,F,48.0,89.0,83.0,83.0,Hyderabad
1078,Student_078,18.0,Male,55.0,74.0,46.0,87.0,hyderabad
1079,Student_079,20.0,female,82.0,86.0,95.0,67.0,hyderabad
1080,Student_080,18.0,Male,54.0,50.0,53.0,87.0,MUMBAI
1081,Student_081,18.0,Male,42.0,47.0,,95.0,Mumbai
1082,Student_082,22.0,Male,41.0,64.0,62.0,85.0,Delhi
1083,Student_083,20.0,M,51.0,53.0,86.0,67.0,Delhi
1084,Student_084,22.0,female,67.0,51.0,50.0,87.0,MUMBAI
1085,Student_085,22.0,Male,82.0,97.0,46.0,87.0,Chennai
1086,Student_086,20.0,F,93.0,53.0,59.0,96.0,Mumbai
1087,Student_087,17.0,male,56.0,92.0,86.0,100.0,MUMBAI
1088,Student_088,22.0,Male,64.0,89.0,87.0,95.0,Mumbai
1089,Student_089,21.0,M,72.0,96.0,57.0,86.0,Mumbai
1090,Student_090,21.0,female,85.0,57.0,50.0,76.0,Mumbai
1091,Student_091,18.0,M,180.0,43.0,91.0,68.0,MUMBAI
1092,Student_092,21.0,Male,42.0,250.0,73.0,92.0,Delhi
1093,Student_093,18.0,female,61.0,35.0,87.0,150.0,Delhi
1094,Student_094,45.0,male,61.0,92.0,76.0,72.0,Mumbai
1095,Student_095,20.0,Male,55.0,35.0,92.0,87.0,Chennai
1096,Student_096,20.0,M,64.0,68.0,73.0,88.0,Hyderabad
1097,Student_097,20.0,Female,62.0,82.0,48.0,72.0,MUMBAI
1098,Student_098,21.0,F,98.0,35.0,39.0,94.0,Hyderabad
1099,Student_099,17.0,M,95.0,50.0,69.0,65.0,Chennai
1100,Student_100,21.0,female,82.0,95.0,52.0,77.0,MUMBAI
1003,Student_003,19.0,Male,96.0,69.0,56.0,69.0,Hyderabad
1016,Student_016,20.0,Female,53.0,97.0,44.0,78.0,Delhi
1041,Student_041,17.0,Female,35.0,58.0,77.0,98.0,hyderabad
